{
    "entry": [
      {
        "resource": {
          "focus": [
            {
              "reference": "Communication/eca398a1-8d05-4b29-ab8f-314a770dbeaf"
            }
          ],
          "eventCoding": {
            "system": "http://medcomfhir.dk/ig/terminology/CodeSystem/medcom-messaging-eventCodes",
            "code": "care-communication-message"
          },
          "resourceType": "MessageHeader",
          "sender": {
            "reference": "Organization/9b5ec907-6cb9-49ca-9adc-b18e22b2effd"
          },
          "text": {
            "div": "<div xmlns='http://www.w3.org/1999/xhtml'>\n  <p>\n    <b>Generated Narrative: MessageHeader</b>\n    <a name='0b46cc8b-5720-44c9-b03c-fcdf76cc9322'/>\n  </p>\n  <div style='display: inline-block; background-color: #d9e0e7; padding: 6px; margin: 4px; border: 1px solid #8da1b4; border-radius: 5px; line-height: 60%'>\n    <p style='margin-bottom: 0px'>Resource MessageHeader \"0b46cc8b-5720-44c9-b03c-fcdf76cc9322\"</p>\n    <p style='margin-bottom: 0px'>Profile:<a href='StructureDefinition-medcom-careCommunication-messageHeader.html'>MedComCareCommunicationMessageHeader</a>\n    </p>\n  </div>\n  <p>\n    <b>event</b>: Care Communication Message (Details: http://medcomfhir.dk/ig/terminology/CodeSystem/medcom-messaging-eventCodes code care-communication-message = &apos;Care Communication Message&apos;, stated as &apos;null&apos;)</p>\n  <h3>Destinations</h3>\n  <table class='grid'>\n    <tr>\n      <td>-</td>\n      <td>\n        <b>Extension</b>\n      </td>\n      <td>\n        <b>Endpoint</b>\n      </td>\n      <td>\n        <b>Receiver</b>\n      </td>\n    </tr>\n    <tr>\n      <td>*</td>\n      <td/>\n      <td>\n        <a href='https://sor2.sum.dsdn.dk/#id=953741000016009'>https://sor2.sum.dsdn.dk/#id=953741000016009</a>\n      </td>\n      <td>\n        <a href='#Organization_eeca13b2-a14b-40e8-8181-79535c85b110'>See above (Organization/eeca13b2-a14b-40e8-8181-79535c85b110)</a>\n      </td>\n    </tr>\n  </table>\n  <p>\n    <b>sender</b>:<a href='#Organization_9b5ec907-6cb9-49ca-9adc-b18e22b2effd'>See above (Organization/9b5ec907-6cb9-49ca-9adc-b18e22b2effd)</a>\n  </p>\n  <h3>Sources</h3>\n  <table class='grid'>\n    <tr>\n      <td>-</td>\n      <td>\n        <b>Endpoint</b>\n      </td>\n    </tr>\n    <tr>\n      <td>*</td>\n      <td>\n        <a href='https://sor2.sum.dsdn.dk/#id=265161000016000'>https://sor2.sum.dsdn.dk/#id=265161000016000</a>\n      </td>\n    </tr>\n  </table>\n  <p>\n    <b>focus</b>:<a href='#Communication_eca398a1-8d05-4b29-ab8f-314a770dbeaf'>See above (Communication/eca398a1-8d05-4b29-ab8f-314a770dbeaf)</a>\n  </p>\n</div>",
            "status": "generated"
          },
          "destination": [
            {
              "endpoint": "https://sor2.sum.dsdn.dk/#id=953741000016009",
              "extension": [
                {
                  "url": "http://medcomfhir.dk/ig/messaging/StructureDefinition/medcom-messaging-destinationUseExtension",
                  "valueCoding": {
                    "system": "http://medcomfhir.dk/ig/terminology/CodeSystem/medcom-messaging-destinationUse",
                    "code": "primary"
                  }
                }
              ],
              "receiver": {
                "reference": "Organization/eeca13b2-a14b-40e8-8181-79535c85b110"
              }
            }
          ],
          "id": "0b46cc8b-5720-44c9-b03c-fcdf76cc9322",
          "meta": {
            "profile": [
              "http://medcomfhir.dk/ig/carecommunication/StructureDefinition/medcom-careCommunication-messageHeader"
            ]
          },
          "source": {
            "endpoint": "https://sor2.sum.dsdn.dk/#id=265161000016000"
          }
        },
        "fullUrl": "MessageHeader/0b46cc8b-5720-44c9-b03c-fcdf76cc9322"
      },
      {
        "resource": {
          "name": [
            {
              "family": "Elmer",
              "use": "official"
            }
          ],
          "id": "a805d976-d186-4319-a85f-e98c6b22da7a",
          "meta": {
            "profile": [
              "http://medcomfhir.dk/ig/core/StructureDefinition/medcom-core-patient"
            ]
          },
          "identifier": [
            {
              "system": "urn:oid:1.2.208.176.1.2",
              "value": "2509479989"
            }
          ],
          "resourceType": "Patient",
          "text": {
            "div": "<div xmlns='http://www.w3.org/1999/xhtml'>\n  <p>\n    <b>Generated Narrative: Patient</b>\n    <a name='a805d976-d186-4319-a85f-e98c6b22da7a'/>\n  </p>\n  <div style='display: inline-block; background-color: #d9e0e7; padding: 6px; margin: 4px; border: 1px solid #8da1b4; border-radius: 5px; line-height: 60%'>\n    <p style='margin-bottom: 0px'>Resource Patient \"a805d976-d186-4319-a85f-e98c6b22da7a\"</p>\n    <p style='margin-bottom: 0px'>Profile:<a href='http://medcomfhir.dk/ig/core/2.1.0/StructureDefinition-medcom-core-patient.html'>MedComCorePatient</a>\n    </p>\n  </div>\n  <p>\n    <b>identifier</b>: id: 2509479989</p>\n  <p>\n    <b>name</b>: Elmer (OFFICIAL)</p>\n</div>",
            "status": "generated"
          }
        },
        "fullUrl": "Patient/a805d976-d186-4319-a85f-e98c6b22da7a"
      },
      {
        "resource": {
          "payload": [
            {
              "extension": [
                {
                  "url": "http://medcomfhir.dk/ig/carecommunication/StructureDefinition/medcom-carecommunication-datetime-extension",
                  "valueDateTime": "2023-03-01T12:00:00+01:00"
                },
                {
                  "url": "http://medcomfhir.dk/ig/carecommunication/StructureDefinition/medcom-carecommunication-author-extension",
                  "valueReference": {
                    "reference": "PractitionerRole/bec6b65f-dd06-4ab1-aa78-b73db0621b47"
                  }
                },
                {
                  "url": "http://medcomfhir.dk/ig/carecommunication/StructureDefinition/medcom-carecommunication-author-contact-extension",
                  "valueContactPoint": {
                    "system": "phone",
                    "value": "38683868"
                  }
                }
              ],
              "contentString": "Regarding the rehabilitation plan, please notice that..."
            }
          ],
          "status": "unknown",
          "category": [
            {
              "coding": [
                {
                  "system": "http://medcomfhir.dk/ig/terminology/CodeSystem/medcom-careCommunication-categoryCodes",
                  "code": "carecoordination"
                }
              ]
            }
          ],
          "id": "eca398a1-8d05-4b29-ab8f-314a770dbeaf",
          "meta": {
            "profile": [
              "http://medcomfhir.dk/ig/carecommunication/StructureDefinition/medcom-careCommunication-communication"
            ]
          },
          "resourceType": "Communication",
          "subject": {
            "reference": "Patient/a805d976-d186-4319-a85f-e98c6b22da7a"
          },
          "text": {
            "div": "<div xmlns='http://www.w3.org/1999/xhtml'>\n  <p>\n    <b>Generated Narrative: Communication</b>\n    <a name='eca398a1-8d05-4b29-ab8f-314a770dbeaf'/>\n  </p>\n  <div style='display: inline-block; background-color: #d9e0e7; padding: 6px; margin: 4px; border: 1px solid #8da1b4; border-radius: 5px; line-height: 60%'>\n    <p style='margin-bottom: 0px'>Resource Communication \"eca398a1-8d05-4b29-ab8f-314a770dbeaf\"</p>\n    <p style='margin-bottom: 0px'>Profile:<a href='StructureDefinition-medcom-careCommunication-communication.html'>MedComCareCommunication</a>\n    </p>\n  </div>\n  <p>\n    <b>status</b>: unknown</p>\n  <p>\n    <b>category</b>: Care Coordination<span style='background: LightGoldenRodYellow; margin: 4px; border: 1px solid khaki'>(<a href='http://medcomfhir.dk/ig/terminology/1.3.0/CodeSystem-medcom-careCommunication-categoryCodes.html'>MedComCareCommunicationCategories</a>#carecoordination)</span>\n  </p>\n  <p>\n    <b>subject</b>:<a href='#Patient_a805d976-d186-4319-a85f-e98c6b22da7a'>See above (Patient/a805d976-d186-4319-a85f-e98c6b22da7a)</a>\n  </p>\n  <h3>Payloads</h3>\n  <table class='grid'>\n    <tr>\n      <td>-</td>\n      <td>\n        <b>Extension</b>\n      </td>\n      <td>\n        <b>Content[x]</b>\n      </td>\n    </tr>\n    <tr>\n      <td>*</td>\n      <td>, ,</td>\n      <td>Regarding the rehabilitation plan, please notice that...</td>\n    </tr>\n  </table>\n</div>",
            "status": "generated"
          }
        },
        "fullUrl": "Communication/eca398a1-8d05-4b29-ab8f-314a770dbeaf"
      },
      {
        "resource": {
          "practitioner": {
            "reference": "Practitioner/d505aad2-8b1a-4688-9dc6-423e7e304393"
          },
          "id": "bec6b65f-dd06-4ab1-aa78-b73db0621b47",
          "meta": {
            "profile": [
              "http://medcomfhir.dk/ig/core/StructureDefinition/medcom-core-practitionerrole"
            ]
          },
          "code": [
            {
              "coding": [
                {
                  "system": "http://medcomfhir.dk/ig/terminology/CodeSystem/medcom-core-PractitionerRolesSKSadministrativ",
                  "code": "sygeplejerske"
                }
              ]
            }
          ],
          "resourceType": "PractitionerRole",
          "text": {
            "div": "<div xmlns='http://www.w3.org/1999/xhtml'>\n  <p>\n    <b>Generated Narrative: PractitionerRole</b>\n    <a name='bec6b65f-dd06-4ab1-aa78-b73db0621b47'/>\n  </p>\n  <div style='display: inline-block; background-color: #d9e0e7; padding: 6px; margin: 4px; border: 1px solid #8da1b4; border-radius: 5px; line-height: 60%'>\n    <p style='margin-bottom: 0px'>Resource PractitionerRole \"bec6b65f-dd06-4ab1-aa78-b73db0621b47\"</p>\n    <p style='margin-bottom: 0px'>Profile:<a href='http://medcomfhir.dk/ig/core/2.1.0/StructureDefinition-medcom-core-practitionerrole.html'>MedComCorePractitionerRole</a>\n    </p>\n  </div>\n  <p>\n    <b>practitioner</b>:<a href='#Practitioner_d505aad2-8b1a-4688-9dc6-423e7e304393'>See above (Practitioner/d505aad2-8b1a-4688-9dc6-423e7e304393)</a>\n  </p>\n  <p>\n    <b>code</b>: Sygeplejerske<span style='background: LightGoldenRodYellow; margin: 4px; border: 1px solid khaki'>(<a href='http://medcomfhir.dk/ig/terminology/1.3.0/CodeSystem-medcom-core-PractitionerRolesSKSadministrativ.html'>MedComCorePractitionerRolesSKSadministrativ</a>#sygeplejerske)</span>\n  </p>\n</div>",
            "status": "generated"
          }
        },
        "fullUrl": "PractitionerRole/bec6b65f-dd06-4ab1-aa78-b73db0621b47"
      },
      {
        "resource": {
          "id": "d505aad2-8b1a-4688-9dc6-423e7e304393",
          "meta": {
            "profile": [
              "http://medcomfhir.dk/ig/core/StructureDefinition/medcom-core-practitioner"
            ]
          },
          "name": [
            {
              "family": "Burns",
              "given": [
                "Michael"
              ]
            }
          ],
          "resourceType": "Practitioner",
          "text": {
            "div": "<div xmlns='http://www.w3.org/1999/xhtml'>\n  <p>\n    <b>Generated Narrative: Practitioner</b>\n    <a name='d505aad2-8b1a-4688-9dc6-423e7e304393'/>\n  </p>\n  <div style='display: inline-block; background-color: #d9e0e7; padding: 6px; margin: 4px; border: 1px solid #8da1b4; border-radius: 5px; line-height: 60%'>\n    <p style='margin-bottom: 0px'>Resource Practitioner \"d505aad2-8b1a-4688-9dc6-423e7e304393\"</p>\n    <p style='margin-bottom: 0px'>Profile:<a href='http://medcomfhir.dk/ig/core/2.1.0/StructureDefinition-medcom-core-practitioner.html'>MedComCorePractitioner</a>\n    </p>\n  </div>\n  <p>\n    <b>name</b>: Michael Burns</p>\n</div>",
            "status": "generated"
          }
        },
        "fullUrl": "Practitioner/d505aad2-8b1a-4688-9dc6-423e7e304393"
      },
      {
        "resource": {
          "name": "Plejecenter Herlev",
          "id": "eeca13b2-a14b-40e8-8181-79535c85b110",
          "meta": {
            "profile": [
              "http://medcomfhir.dk/ig/messaging/StructureDefinition/medcom-messaging-organization"
            ]
          },
          "identifier": [
            {
              "system": "https://www.gs1.org/gln",
              "value": "5790001348120"
            },
            {
              "system": "urn:oid:1.2.208.176.1.1",
              "value": "953741000016009"
            }
          ],
          "resourceType": "Organization",
          "text": {
            "div": "<div xmlns='http://www.w3.org/1999/xhtml'>\n  <p>\n    <b>Generated Narrative: Organization</b>\n    <a name='eeca13b2-a14b-40e8-8181-79535c85b110'/>\n  </p>\n  <div style='display: inline-block; background-color: #d9e0e7; padding: 6px; margin: 4px; border: 1px solid #8da1b4; border-radius: 5px; line-height: 60%'>\n    <p style='margin-bottom: 0px'>Resource Organization \"eeca13b2-a14b-40e8-8181-79535c85b110\"</p>\n    <p style='margin-bottom: 0px'>Profile:<a href='http://medcomfhir.dk/ig/messaging/2.0.0/StructureDefinition-medcom-messaging-organization.html'>MedComMessagingOrganization</a>\n    </p>\n  </div>\n  <p>\n    <b>identifier</b>: id: 5790001348120, id: 953741000016009</p>\n  <p>\n    <b>name</b>: Plejecenter Herlev</p>\n</div>",
            "status": "generated"
          }
        },
        "fullUrl": "Organization/eeca13b2-a14b-40e8-8181-79535c85b110"
      },
      {
        "resource": {
          "name": "Hjerteafdelingen på Herlev og Gentofte hospital",
          "id": "9b5ec907-6cb9-49ca-9adc-b18e22b2effd",
          "meta": {
            "profile": [
              "http://medcomfhir.dk/ig/messaging/StructureDefinition/medcom-messaging-organization"
            ]
          },
          "identifier": [
            {
              "system": "https://www.gs1.org/gln",
              "value": "5790000209354"
            },
            {
              "system": "urn:oid:1.2.208.176.1.1",
              "value": "265161000016000"
            }
          ],
          "resourceType": "Organization",
          "text": {
            "div": "<div xmlns='http://www.w3.org/1999/xhtml'>\n  <p>\n    <b>Generated Narrative: Organization</b>\n    <a name='9b5ec907-6cb9-49ca-9adc-b18e22b2effd'/>\n  </p>\n  <div style='display: inline-block; background-color: #d9e0e7; padding: 6px; margin: 4px; border: 1px solid #8da1b4; border-radius: 5px; line-height: 60%'>\n    <p style='margin-bottom: 0px'>Resource Organization \"9b5ec907-6cb9-49ca-9adc-b18e22b2effd\"</p>\n    <p style='margin-bottom: 0px'>Profile:<a href='http://medcomfhir.dk/ig/messaging/2.0.0/StructureDefinition-medcom-messaging-organization.html'>MedComMessagingOrganization</a>\n    </p>\n  </div>\n  <p>\n    <b>identifier</b>: id: 5790000209354, id: 265161000016000</p>\n  <p>\n    <b>name</b>: Hjerteafdelingen på Herlev og Gentofte hospital</p>\n</div>",
            "status": "generated"
          }
        },
        "fullUrl": "Organization/9b5ec907-6cb9-49ca-9adc-b18e22b2effd"
      },
      {
        "resource": {
          "occurredDateTime": "2023-03-01T12:00:00+01:00",
          "activity": {
            "coding": [
              {
                "system": "http://medcomfhir.dk/ig/terminology/CodeSystem/medcom-messaging-activityCodes",
                "code": "new-message"
              }
            ]
          },
          "target": [
            {
              "reference": "MessageHeader/0b46cc8b-5720-44c9-b03c-fcdf76cc9322"
            }
          ],
          "text": {
            "div": "<div xmlns='http://www.w3.org/1999/xhtml'>\n  <p>\n    <b>Generated Narrative: Provenance</b>\n    <a name='81317abe-59fc-466d-b68f-d8c1566f0dc9'/>\n  </p>\n  <div style='display: inline-block; background-color: #d9e0e7; padding: 6px; margin: 4px; border: 1px solid #8da1b4; border-radius: 5px; line-height: 60%'>\n    <p style='margin-bottom: 0px'>Resource Provenance \"81317abe-59fc-466d-b68f-d8c1566f0dc9\"</p>\n    <p style='margin-bottom: 0px'>Profile:<a href='http://medcomfhir.dk/ig/messaging/2.0.0/StructureDefinition-medcom-messaging-provenance.html'>MedComMessagingProvenance</a>\n    </p>\n  </div>\n  <p>\n    <b>target</b>:<a href='#MessageHeader_0b46cc8b-5720-44c9-b03c-fcdf76cc9322'>See above (MessageHeader/0b46cc8b-5720-44c9-b03c-fcdf76cc9322)</a>\n  </p>\n  <p>\n    <b>occurred</b>: 2023-03-01 12:00:00+0100</p>\n  <p>\n    <b>recorded</b>: 1. mar. 2023 12.00.00</p>\n  <p>\n    <b>activity</b>: A new message has been sent<span style='background: LightGoldenRodYellow; margin: 4px; border: 1px solid khaki'>(<a href='http://medcomfhir.dk/ig/terminology/1.3.0/CodeSystem-medcom-messaging-activityCodes.html'>MedComMessagingActivityCodes</a>#new-message)</span>\n  </p>\n  <h3>Agents</h3>\n  <table class='grid'>\n    <tr>\n      <td>-</td>\n      <td>\n        <b>Who</b>\n      </td>\n    </tr>\n    <tr>\n      <td>*</td>\n      <td>\n        <a href='#Organization_9b5ec907-6cb9-49ca-9adc-b18e22b2effd'>See above (Organization/9b5ec907-6cb9-49ca-9adc-b18e22b2effd)</a>\n      </td>\n    </tr>\n  </table>\n</div>",
            "status": "generated"
          },
          "recorded": "2023-03-01T12:00:00+01:00",
          "agent": [
            {
              "who": {
                "reference": "Organization/9b5ec907-6cb9-49ca-9adc-b18e22b2effd"
              }
            }
          ],
          "id": "81317abe-59fc-466d-b68f-d8c1566f0dc9",
          "meta": {
            "profile": [
              "http://medcomfhir.dk/ig/messaging/StructureDefinition/medcom-messaging-provenance"
            ]
          },
          "resourceType": "Provenance"
        },
        "fullUrl": "Provenance/81317abe-59fc-466d-b68f-d8c1566f0dc9"
      }
    ],
    "id": "79036635-8f3a-40be-a3d8-81f7abb6a3e4",
    "meta": {
      "lastUpdated": "2023-07-06T08:59:12.282-04:00",
      "versionId": "1",
      "profile": [
        "http://medcomfhir.dk/ig/carecommunication/StructureDefinition/medcom-careCommunication-message"
      ]
    },
    "type": "message",
    "timestamp": "2023-03-01T12:00:00+01:00",
    "resourceType": "Bundle"
  }