{
  "entry": [
    {
      "resource": {
        "focus": [
          {
            "reference": "Communication/9ee43293-dff5-4d68-8fa1-f3325a43ff6e"
          }
        ],
        "eventCoding": {
          "system": "http://medcomfhir.dk/ig/terminology/CodeSystem/medcom-messaging-eventCodes",
          "code": "care-communication-message"
        },
        "resourceType": "MessageHeader",
        "sender": {
          "reference": "Organization/dddc2213-8aed-4846-bb79-7c1d26a94e3c"
        },
        "text": {
          "div": "<div xmlns='http://www.w3.org/1999/xhtml'>\n  <p>\n    <b>Generated Narrative: MessageHeader</b>\n    <a name='ae998cc3-23f3-4458-9114-c4dc77be8ad2'/>\n  </p>\n  <div style='display: inline-block; background-color: #d9e0e7; padding: 6px; margin: 4px; border: 1px solid #8da1b4; border-radius: 5px; line-height: 60%'>\n    <p style='margin-bottom: 0px'>Resource MessageHeader \"ae998cc3-23f3-4458-9114-c4dc77be8ad2\"</p>\n    <p style='margin-bottom: 0px'>Profile:<a href='StructureDefinition-medcom-careCommunication-messageHeader.html'>MedComCareCommunicationMessageHeader</a>\n    </p>\n  </div>\n  <p>\n    <b>event</b>: Care Communication Message (Details: http://medcomfhir.dk/ig/terminology/CodeSystem/medcom-messaging-eventCodes code care-communication-message = &apos;Care Communication Message&apos;, stated as &apos;null&apos;)</p>\n  <h3>Destinations</h3>\n  <table class='grid'>\n    <tr>\n      <td>-</td>\n      <td>\n        <b>Extension</b>\n      </td>\n      <td>\n        <b>Endpoint</b>\n      </td>\n      <td>\n        <b>Receiver</b>\n      </td>\n    </tr>\n    <tr>\n      <td>*</td>\n      <td/>\n      <td>\n        <a href='https://sor2.sum.dsdn.dk/#id=953741000016009'>https://sor2.sum.dsdn.dk/#id=953741000016009</a>\n      </td>\n      <td>\n        <a href='#Organization_aac6c49e-81f9-40d3-8a51-9987140d0aac'>See above (Organization/aac6c49e-81f9-40d3-8a51-9987140d0aac)</a>\n      </td>\n    </tr>\n  </table>\n  <p>\n    <b>sender</b>:<a href='#Organization_dddc2213-8aed-4846-bb79-7c1d26a94e3c'>See above (Organization/dddc2213-8aed-4846-bb79-7c1d26a94e3c)</a>\n  </p>\n  <h3>Sources</h3>\n  <table class='grid'>\n    <tr>\n      <td>-</td>\n      <td>\n        <b>Endpoint</b>\n      </td>\n    </tr>\n    <tr>\n      <td>*</td>\n      <td>\n        <a href='https://sor2.sum.dsdn.dk/#id=265161000016000'>https://sor2.sum.dsdn.dk/#id=265161000016000</a>\n      </td>\n    </tr>\n  </table>\n  <p>\n    <b>focus</b>:<a href='#Communication_9ee43293-dff5-4d68-8fa1-f3325a43ff6e'>See above (Communication/9ee43293-dff5-4d68-8fa1-f3325a43ff6e)</a>\n  </p>\n</div>",
          "status": "generated"
        },
        "destination": [
          {
            "endpoint": "https://sor2.sum.dsdn.dk/#id=953741000016009",
            "extension": [
              {
                "url": "http://medcomfhir.dk/ig/messaging/StructureDefinition/medcom-messaging-destinationUseExtension",
                "valueCoding": {
                  "system": "http://medcomfhir.dk/ig/terminology/CodeSystem/medcom-messaging-destinationUse",
                  "code": "primary"
                }
              }
            ],
            "receiver": {
              "reference": "Organization/aac6c49e-81f9-40d3-8a51-9987140d0aac"
            }
          }
        ],
        "id": "ae998cc3-23f3-4458-9114-c4dc77be8ad2",
        "meta": {
          "profile": [
            "http://medcomfhir.dk/ig/carecommunication/StructureDefinition/medcom-careCommunication-messageHeader"
          ]
        },
        "source": {
          "endpoint": "https://sor2.sum.dsdn.dk/#id=265161000016000"
        }
      },
      "fullUrl": "MessageHeader/ae998cc3-23f3-4458-9114-c4dc77be8ad2"
    },
    {
      "resource": {
        "name": [
          {
            "family": "Elmer",
            "use": "official"
          }
        ],
        "id": "1ed31e4c-2d04-4aeb-9f5c-32092c15da56",
        "meta": {
          "profile": [
            "http://medcomfhir.dk/ig/core/StructureDefinition/medcom-core-patient"
          ]
        },
        "resourceType": "Patient",
        "text": {
          "div": "<div xmlns='http://www.w3.org/1999/xhtml'>\n  <p>\n    <b>Generated Narrative: Patient</b>\n    <a name='1ed31e4c-2d04-4aeb-9f5c-32092c15da56'/>\n  </p>\n  <div style='display: inline-block; background-color: #d9e0e7; padding: 6px; margin: 4px; border: 1px solid #8da1b4; border-radius: 5px; line-height: 60%'>\n    <p style='margin-bottom: 0px'>Resource Patient \"1ed31e4c-2d04-4aeb-9f5c-32092c15da56\"</p>\n    <p style='margin-bottom: 0px'>Profile:<a href='http://medcomfhir.dk/ig/core/2.1.0/StructureDefinition-medcom-core-patient.html'>MedComCorePatient</a>\n    </p>\n  </div>\n  <p>\n    <b>identifier</b>: id: 2509479989</p>\n  <p>\n    <b>name</b>: Elmer (OFFICIAL)</p>\n</div>",
          "status": "generated"
        }
      },
      "fullUrl": "Patient/1ed31e4c-2d04-4aeb-9f5c-32092c15da56"
    },
    {
      "resource": {
        "payload": [
          {
            "extension": [
              {
                "url": "http://medcomfhir.dk/ig/carecommunication/StructureDefinition/medcom-carecommunication-datetime-extension",
                "valueDateTime": "2023-03-01T12:00:00+01:00"
              },
              {
                "url": "http://medcomfhir.dk/ig/carecommunication/StructureDefinition/medcom-carecommunication-author-extension",
                "valueReference": {
                  "reference": "PractitionerRole/442662f9-80cc-4570-bc98-cf5bf65aa9f9"
                }
              },
              {
                "url": "http://medcomfhir.dk/ig/carecommunication/StructureDefinition/medcom-carecommunication-author-contact-extension",
                "valueContactPoint": {
                  "system": "phone",
                  "value": "38683868"
                }
              }
            ],
            "contentString": "Hi, I've attached the following journal note. It contains the information you requested over the phone: <br/> Proin aliquet sit amet justo quis auctor. Integer malesuada tempor purus sit amet dictum. Nulla dictum pharetra erat sit amet faucibus. Fusce porttitor, lectus sed volutpat pulvinar, tortor leo sodales elit, non mattis ligula enim dignissim ex. Donec ornare laoreet elit dapibus maximus. Mauris malesuada enim vitae ligula feugiat, eget rutrum orci auctor. Aenean feugiat volutpat magna ut venenatis. Proin eu ornare metus, in pretium sem. Aenean id bibendum urna. Sed ultricies mauris in erat bibendum rhoncus. Suspendisse ac porttitor tellus. Sed molestie pharetra turpis, pellentesque ultrices tortor sodales sit amet. Integer et nulla luctus, fermentum felis eget, consequat est. Curabitur sed blandit nunc. Etiam cursus neque id diam consequat pharetra. Orci varius natoque penatibus et magnis dis parturient montes, nascetur ridiculus mus. <br/> Nulla vitae lectus ut ipsum lobortis porttitor id eu purus. In finibus erat vitae orci volutpat, in euismod lorem dignissim. Vivamus volutpat orci sit amet velit pulvinar, id elementum lacus placerat. Donec scelerisque ligula at risus auctor venenatis ac et nibh. Donec eget cursus ipsum. Etiam interdum, velit vitae pulvinar egestas, quam risus interdum nisi, ut porta odio magna at diam. Cras dignissim tempor urna id condimentum. Cras molestie sagittis venenatis. Aenean at rutrum tellus, sit amet mollis elit. <br/> Praesent dictum lacinia enim sit amet scelerisque. Proin cursus enim luctus mi fringilla rhoncus. Praesent sagittis, erat vel auctor pretium, elit leo vulputate quam, a tincidunt ante justo sit amet eros. Duis condimentum, dui sed finibus convallis, ipsum neque dictum mauris, quis pulvinar mauris mi feugiat enim. Proin ullamcorper nibh lorem, nec consequat erat rhoncus ut. Praesent nisi ligula, molestie in nulla a, interdum sagittis neque. Nulla viverra elit ac eros mattis ultricies. Pellentesque a iaculis tellus. <br/> Lorem ipsum dolor sit amet, consectetur adipiscing elit. Phasellus commodo nibh nulla, sit amet interdum ex condimentum ac. Mauris sodales placerat mollis. Suspendisse non quam pretium, ultricies nisl in, vehicula neque. Vestibulum ante ipsum primis in faucibus orci luctus et ultrices posuere cubilia curae; Ut condimentum vel orci efficitur viverra. Praesent posuere molestie lacus at consectetur. Vivamus pharetra, eros vel porta pretium, urna sem sodales nisi, ac tristique massa nisl nec sem. Donec at massa non felis ullamcorper eleifend. Morbi sit amet pharetra orci. Vivamus laoreet viverra tempor. <br/> This journal note is written by Hans Hansen on the 20th of November 2022 after a hospitalisation."
          }
        ],
        "status": "unknown",
        "category": [
          {
            "coding": [
              {
                "system": "http://medcomfhir.dk/ig/terminology/CodeSystem/medcom-careCommunication-categoryCodes",
                "code": "carecoordination"
              }
            ]
          }
        ],
        "id": "9ee43293-dff5-4d68-8fa1-f3325a43ff6e",
        "meta": {
          "profile": [
            "http://medcomfhir.dk/ig/carecommunication/StructureDefinition/medcom-careCommunication-communication"
          ]
        },
        "resourceType": "Communication",
        "subject": {
          "reference": "Patient/1ed31e4c-2d04-4aeb-9f5c-32092c15da56"
        },
        "text": {
          "div": "<div xmlns='http://www.w3.org/1999/xhtml'>\n  <p>\n    <b>Generated Narrative: Communication</b>\n    <a name='9ee43293-dff5-4d68-8fa1-f3325a43ff6e'/>\n  </p>\n  <div style='display: inline-block; background-color: #d9e0e7; padding: 6px; margin: 4px; border: 1px solid #8da1b4; border-radius: 5px; line-height: 60%'>\n    <p style='margin-bottom: 0px'>Resource Communication \"9ee43293-dff5-4d68-8fa1-f3325a43ff6e\"</p>\n    <p style='margin-bottom: 0px'>Profile:<a href='StructureDefinition-medcom-careCommunication-communication.html'>MedComCareCommunication</a>\n    </p>\n  </div>\n  <p>\n    <b>status</b>: unknown</p>\n  <p>\n    <b>category</b>: Care Coordination<span style='background: LightGoldenRodYellow; margin: 4px; border: 1px solid khaki'>(<a href='http://medcomfhir.dk/ig/terminology/1.3.0/CodeSystem-medcom-careCommunication-categoryCodes.html'>MedComCareCommunicationCategories</a>#carecoordination)</span>\n  </p>\n  <p>\n    <b>subject</b>:<a href='#Patient_1ed31e4c-2d04-4aeb-9f5c-32092c15da56'>See above (Patient/1ed31e4c-2d04-4aeb-9f5c-32092c15da56)</a>\n  </p>\n  <h3>Payloads</h3>\n  <table class='grid'>\n    <tr>\n      <td>-</td>\n      <td>\n        <b>Extension</b>\n      </td>\n      <td>\n        <b>Content[x]</b>\n      </td>\n    </tr>\n    <tr>\n      <td>*</td>\n      <td>, ,</td>\n      <td>Regarding the rehabilitation plan, please notice that...</td>\n    </tr>\n  </table>\n</div>",
          "status": "generated"
        }
      },
      "fullUrl": "Communication/9ee43293-dff5-4d68-8fa1-f3325a43ff6e"
    },
    {
      "resource": {
        "practitioner": {
          "reference": "Practitioner/d505aad2-8b1a-4688-9dc6-423e7e304393"
        },
        "id": "442662f9-80cc-4570-bc98-cf5bf65aa9f9",
        "meta": {
          "profile": [
            "http://medcomfhir.dk/ig/core/StructureDefinition/medcom-core-practitionerrole"
          ]
        },
        "code": [
          {
            "coding": [
              {
                "system": "http://medcomfhir.dk/ig/terminology/CodeSystem/medcom-core-PractitionerRolesSKSadministrativ",
                "code": "sygeplejerske"
              }
            ]
          }
        ],
        "resourceType": "PractitionerRole",
        "text": {
          "div": "<div xmlns='http://www.w3.org/1999/xhtml'>\n  <p>\n    <b>Generated Narrative: PractitionerRole</b>\n    <a name='442662f9-80cc-4570-bc98-cf5bf65aa9f9'/>\n  </p>\n  <div style='display: inline-block; background-color: #d9e0e7; padding: 6px; margin: 4px; border: 1px solid #8da1b4; border-radius: 5px; line-height: 60%'>\n    <p style='margin-bottom: 0px'>Resource PractitionerRole \"442662f9-80cc-4570-bc98-cf5bf65aa9f9\"</p>\n    <p style='margin-bottom: 0px'>Profile:<a href='http://medcomfhir.dk/ig/core/2.1.0/StructureDefinition-medcom-core-practitionerrole.html'>MedComCorePractitionerRole</a>\n    </p>\n  </div>\n  <p>\n    <b>practitioner</b>:<a href='#Practitioner_d505aad2-8b1a-4688-9dc6-423e7e304393'>See above (Practitioner/d505aad2-8b1a-4688-9dc6-423e7e304393)</a>\n  </p>\n  <p>\n    <b>code</b>: Sygeplejerske<span style='background: LightGoldenRodYellow; margin: 4px; border: 1px solid khaki'>(<a href='http://medcomfhir.dk/ig/terminology/1.3.0/CodeSystem-medcom-core-PractitionerRolesSKSadministrativ.html'>MedComCorePractitionerRolesSKSadministrativ</a>#sygeplejerske)</span>\n  </p>\n</div>",
          "status": "generated"
        }
      },
      "fullUrl": "PractitionerRole/442662f9-80cc-4570-bc98-cf5bf65aa9f9"
    },
    {
      "resource": {
        "id": "d505aad2-8b1a-4688-9dc6-423e7e304393",
        "meta": {
          "profile": [
            "http://medcomfhir.dk/ig/core/StructureDefinition/medcom-core-practitioner"
          ]
        },
        "name": [
          {
            "family": "Burns",
            "given": [
              "Michael"
            ]
          }
        ],
        "resourceType": "Practitioner",
        "text": {
          "div": "<div xmlns='http://www.w3.org/1999/xhtml'>\n  <p>\n    <b>Generated Narrative: Practitioner</b>\n    <a name='d505aad2-8b1a-4688-9dc6-423e7e304393'/>\n  </p>\n  <div style='display: inline-block; background-color: #d9e0e7; padding: 6px; margin: 4px; border: 1px solid #8da1b4; border-radius: 5px; line-height: 60%'>\n    <p style='margin-bottom: 0px'>Resource Practitioner \"d505aad2-8b1a-4688-9dc6-423e7e304393\"</p>\n    <p style='margin-bottom: 0px'>Profile:<a href='http://medcomfhir.dk/ig/core/2.1.0/StructureDefinition-medcom-core-practitioner.html'>MedComCorePractitioner</a>\n    </p>\n  </div>\n  <p>\n    <b>name</b>: Michael Burns</p>\n</div>",
          "status": "generated"
        }
      },
      "fullUrl": "Practitioner/d505aad2-8b1a-4688-9dc6-423e7e304393"
    },
    {
      "resource": {
        "name": "Plejecenter Herlev",
        "id": "aac6c49e-81f9-40d3-8a51-9987140d0aac",
        "meta": {
          "profile": [
            "http://medcomfhir.dk/ig/messaging/StructureDefinition/medcom-messaging-organization"
          ]
        },
        "identifier": [
          {
            "system": "https://www.gs1.org/gln",
            "value": "5790001348120"
          },
          {
            "system": "urn:oid:1.2.208.176.1.1",
            "value": "953741000016009"
          }
        ],
        "resourceType": "Organization",
        "text": {
          "div": "<div xmlns='http://www.w3.org/1999/xhtml'>\n  <p>\n    <b>Generated Narrative: Organization</b>\n    <a name='aac6c49e-81f9-40d3-8a51-9987140d0aac'/>\n  </p>\n  <div style='display: inline-block; background-color: #d9e0e7; padding: 6px; margin: 4px; border: 1px solid #8da1b4; border-radius: 5px; line-height: 60%'>\n    <p style='margin-bottom: 0px'>Resource Organization \"aac6c49e-81f9-40d3-8a51-9987140d0aac\"</p>\n    <p style='margin-bottom: 0px'>Profile:<a href='http://medcomfhir.dk/ig/messaging/2.0.0/StructureDefinition-medcom-messaging-organization.html'>MedComMessagingOrganization</a>\n    </p>\n  </div>\n  <p>\n    <b>identifier</b>: id: 5790001348120, id: 953741000016009</p>\n  <p>\n    <b>name</b>: Plejecenter Herlev</p>\n</div>",
          "status": "generated"
        }
      },
      "fullUrl": "Organization/aac6c49e-81f9-40d3-8a51-9987140d0aac"
    },
    {
      "resource": {
        "name": "Hjerteafdelingen på Herlev og Gentofte hospital",
        "id": "dddc2213-8aed-4846-bb79-7c1d26a94e3c",
        "meta": {
          "profile": [
            "http://medcomfhir.dk/ig/messaging/StructureDefinition/medcom-messaging-organization"
          ]
        },
        "identifier": [
          {
            "system": "https://www.gs1.org/gln",
            "value": "5790000209354"
          },
          {
            "system": "urn:oid:1.2.208.176.1.1",
            "value": "265161000016000"
          }
        ],
        "resourceType": "Organization",
        "text": {
          "div": "<div xmlns='http://www.w3.org/1999/xhtml'>\n  <p>\n    <b>Generated Narrative: Organization</b>\n    <a name='dddc2213-8aed-4846-bb79-7c1d26a94e3c'/>\n  </p>\n  <div style='display: inline-block; background-color: #d9e0e7; padding: 6px; margin: 4px; border: 1px solid #8da1b4; border-radius: 5px; line-height: 60%'>\n    <p style='margin-bottom: 0px'>Resource Organization \"dddc2213-8aed-4846-bb79-7c1d26a94e3c\"</p>\n    <p style='margin-bottom: 0px'>Profile:<a href='http://medcomfhir.dk/ig/messaging/2.0.0/StructureDefinition-medcom-messaging-organization.html'>MedComMessagingOrganization</a>\n    </p>\n  </div>\n  <p>\n    <b>identifier</b>: id: 5790000209354, id: 265161000016000</p>\n  <p>\n    <b>name</b>: Hjerteafdelingen på Herlev og Gentofte hospital</p>\n</div>",
          "status": "generated"
        }
      },
      "fullUrl": "Organization/dddc2213-8aed-4846-bb79-7c1d26a94e3c"
    },
    {
      "resource": {
        "occurredDateTime": "2023-03-01T12:00:00+01:00",
        "activity": {
          "coding": [
            {
              "system": "http://medcomfhir.dk/ig/terminology/CodeSystem/medcom-messaging-activityCodes",
              "code": "new-message"
            }
          ]
        },
        "target": [
          {
            "reference": "MessageHeader/ae998cc3-23f3-4458-9114-c4dc77be8ad2"
          }
        ],
        "text": {
          "div": "<div xmlns='http://www.w3.org/1999/xhtml'>\n  <p>\n    <b>Generated Narrative: Provenance</b>\n    <a name='5a4731f0-c9f4-4276-abb7-610904430a4a'/>\n  </p>\n  <div style='display: inline-block; background-color: #d9e0e7; padding: 6px; margin: 4px; border: 1px solid #8da1b4; border-radius: 5px; line-height: 60%'>\n    <p style='margin-bottom: 0px'>Resource Provenance \"5a4731f0-c9f4-4276-abb7-610904430a4a\"</p>\n    <p style='margin-bottom: 0px'>Profile:<a href='http://medcomfhir.dk/ig/messaging/2.0.0/StructureDefinition-medcom-messaging-provenance.html'>MedComMessagingProvenance</a>\n    </p>\n  </div>\n  <p>\n    <b>target</b>:<a href='#MessageHeader_ae998cc3-23f3-4458-9114-c4dc77be8ad2'>See above (MessageHeader/ae998cc3-23f3-4458-9114-c4dc77be8ad2)</a>\n  </p>\n  <p>\n    <b>occurred</b>: 2023-03-01 12:00:00+0100</p>\n  <p>\n    <b>recorded</b>: 1. mar. 2023 12.00.00</p>\n  <p>\n    <b>activity</b>: A new message has been sent<span style='background: LightGoldenRodYellow; margin: 4px; border: 1px solid khaki'>(<a href='http://medcomfhir.dk/ig/terminology/1.3.0/CodeSystem-medcom-messaging-activityCodes.html'>MedComMessagingActivityCodes</a>#new-message)</span>\n  </p>\n  <h3>Agents</h3>\n  <table class='grid'>\n    <tr>\n      <td>-</td>\n      <td>\n        <b>Who</b>\n      </td>\n    </tr>\n    <tr>\n      <td>*</td>\n      <td>\n        <a href='#Organization_dddc2213-8aed-4846-bb79-7c1d26a94e3c'>See above (Organization/dddc2213-8aed-4846-bb79-7c1d26a94e3c)</a>\n      </td>\n    </tr>\n  </table>\n</div>",
          "status": "generated"
        },
        "recorded": "2023-03-01T12:00:00+01:00",
        "agent": [
          {
            "who": {
              "reference": "Organization/dddc2213-8aed-4846-bb79-7c1d26a94e3c"
            }
          }
        ],
        "id": "5a4731f0-c9f4-4276-abb7-610904430a4a",
        "meta": {
          "profile": [
            "http://medcomfhir.dk/ig/messaging/StructureDefinition/medcom-messaging-provenance"
          ]
        },
        "resourceType": "Provenance"
      },
      "fullUrl": "Provenance/5a4731f0-c9f4-4276-abb7-610904430a4a"
    }
  ],
  "id": "1f199322-a91a-4aae-87c5-85414998d232",
  "meta": {
    "lastUpdated": "2023-07-06T08:59:12.282-04:00",
    "versionId": "1",
    "profile": [
      "http://medcomfhir.dk/ig/carecommunication/StructureDefinition/medcom-careCommunication-message"
    ]
  },
  "type": "message",
  "timestamp": "2023-03-01T12:00:00+01:00",
  "resourceType": "Bundle"
}